{"law": {"corr": 540.0, "wrong": 446.0, "acc": 0.5476673427991886}, "total": {"corr": 540.0, "wrong": 446.0, "acc": 0.5476673427991886}}